{
  "MAE": 6.669199047619053,
  "RMSE": 8.534023528671922,
  "R2": 0.22336483846120936,
  "n_train": 420,
  "n_valid": 105,
  "horizon": 1
}